{
  "LicenseType": 0,
  "Identifier": "S080",
  "Color": {
    "R": 0.3254902,
    "G": 0.3254902,
    "B": 0.3254902,
    "A": 1.0
  },
  "Price": 25000.0,
  "InsuranceFeeQuotaIncrease": 0.0,
  "BonusTimeDecreasePercentage": 0.0,
  "RequiredGeneralLicenseId": "",
  "RequiredJobLicenseId": "",
  "Availability": 1,
  "TranslationName": {
    "Items": [
      {
        "Language": 0,
        "Value": "S080"
      }
    ]
  },
  "TranslationDescription": {
    "Items": [
      {
        "Language": 0,
        "Value": "This license grants you access to all the 0-8-0 steam-powered locomotives in Derail Valley. Use them responsibly! Refer to your vehicle catalog for detailed specifications."
      }
    ]
  },
  "TranslationItem": {
    "Items": [
      {
        "Language": 0,
        "Value": "License Locomotive S080"
      }
    ]
  },
  "TranslationInfoItem": {
    "Items": [
      {
        "Language": 0,
        "Value": "A valid license document. You can store it somewhere."
      }
    ]
  },
  "LocalizationKey": "customlicenses/s080",
  "LocalizationKeyDescription": "customlicenses/s080_desc",
  "LocalizationKeyItem": "customlicenses/s080_item",
  "LocalizationKeyInfoItem": "customlicenses/s080_sample_item"
}